{"/G6dO58WERY0MZYPflFArA==":"y%20letter-96x99.jpeg","XkzftPMBE0jm/AdGajhnnQ==":"y%20letter-96x99.jpeg","yZxxgxt1KT6yHrK5zVWGqQ==":"y%20letter-96x99.jpeg","IAtskyaO8SDLAN0TxISk5Q==":"cu%201-1080x680.jpg","NKXNz6PdL4Jyvwd2iEhbEg==":"skywheel-myrtle-beach-24043-936x526.jpg","0JZYCYeOw93YazWMckzTEQ==":"mbr-1076x692.jpg","HKdP6Ow9cn9cSdMw/Lq3vg==":"mbr-1076x718.jpg","dOceHezmwWuQkNqNMPX2YQ==":"yasin%20arafat_chittagong%20university_01521329396_mobile%20photography%203-1076x807.jpg","7yzyMiGKXgHqs1KFKwTAXg==":"mbr-1076x717.jpg","pz11TnvIXnmyls4gcEh1Vg==":"mbr-1920x1166.jpg","RMxDjh5YoLRKU87kMLyDEA==":"img_20181024-154105-2000x1497.jpg"}